i14001,Petroleum Refining
i257,Pharmaceuticals
iphrws,Pharmaceuticals Wholesale
i643,Pharmacies/Drug Stores
iphmbn,Pharmacy Benefit Management
i3733,Photographic Equipment
i493,Photographic Processing
i83953,Photographic Services
iphsy,Physiotherapists
i5020043,Pipeline Laying
i1300006,Pipeline Transportation
iplascp,Plastic Containers/Packaging
iphplast,Plastic/Cosmetic Surgeons/Clinics
i483,Plastics Products
i32752,Plastics/Rubber Industry Machinery
iplum,Plumbing Contractors
iplumff,Plumbing Fittings/Fixtures
iposs,Point of Sale Systems
i763,Port/Harbor Operations
i3302011,Portable Computers
i32852,Portable Power Tools
iportsf,Portal Software
i83107,Portfolio/Fund/Asset Management
icusto,Post Trade Services
i7901,Postal Service
i2411,Pottery/Ceramics/Porcelain
i0100121,Poultry Farming
i4123,Poultry Processing
i5020044,Power Station Construction
i22472,Precious Metals
ippcell,Prepaid Mobile Services
ipresc,Prescription Drugs
i22,Primary Metals
i8381,Print Advertising
i4756,Printing
i2552,Printing Inks
i3246,Printing Machinery/Equipment
i475,Printing/Publishing
iwealth,Private Banking/Wealth Management
i8150203,Private Equity
iprivhea,Private Health Insurance
i8150214,Private Pension Funds
iproc,Procurement/Supply Chain Consulting
i67,Product Repair Services
i98205,Professional Bodies
i8200302,Professional Indemnity Insurance
i9833,Professional/Management Training
i8500015,Property Managers
icaslty,Property/Casualty Insurance
iproteo,Proteomics/Protein Therapy
ippf,Public Pension Funds
i8395205,Public Relations
i974110201,Public Service Television
ipubl,Publishing
i47101,Pulp Mills
i3287,Pump Manufacturing
i8383,Radio Advertising
i9741105,Radio Broadcasting
irfid,Radio Frequency Identification Equipment
igncmp,Radio Frequency/Microwave Components
i34541,Radio/Television Equipment
irleas,Rail Transport Equipment Rental/Leasing
irfrght,Railroad Freight
irlrins,Railroad Insurance
irpass,Railroad Passenger Transport
i362,Railroad Rolling Stock
i71,Railroads
i5020028,Railway Construction
i7642,Ramp/Baggage Handling
iraremet,Rare Earth Metals
i8395416,Rating Agencies
iffood,Ready Made Meals
ireest,Real Estate
i834,Real Estate Agents/Brokers
i815020602,Real Estate Investment Trusts
i85,Real Estate Transactions
icre,Real Estate/Construction
i36102,Recreational Boats
i352,Recreational Vehicles
i8395405,Recruitment Services
irbank,Regional Banks
i8200318,Reinsurance
i92113,Remediation/Cleanup Services
irenewee,Renewable Energy Equipment
irenewf,Renewable Energy Facility Construction
i163,Renewable Energy Generation
i84,Rental/Leasing Services
i5020030,Reservoir Construction
i5010022,Residential Building Construction
i8500011,Residential Building Leasing
i95108,Residential Care
i8500031,Residential Property Dealing/Owning
irreal,Residential Real Estate
iredreit,Residential REITs
i2514,Resin/Synthetic Rubber
i2575,Respiratory/Allergy Treatments
i661,Restaurants/Cafes/Fast Food Places
iretail,Retail
i5010027,Retail Construction
i8500029,Retail Real Estate
iretreit,Retail REITs
i64,Retail/Wholesale
i010013206,Rice Farming
i4161,Rice Products
i83109,Risk Management Services
irailtr,Road/Rail Transport
iroofco,Roofing Contractors
iroof,Roofing Products/Materials
i6655,Rooming/Boarding Houses
i0100141,Rubber Growing
i481,Rubber Products
iproclth,Safety/Protective Clothing
i8150104,Sales Financing
i8395448,Sales Promotion
isalt,Salt Extraction
i2312,Sand/Gravel/Clay
i4723,Sanitary Paper Products
i9741110,Satellite Broadcasting
igps,Satellite Navigation Systems
isradio,Satellite Radio
i79023,Satellite Telecommunications Services
isattv,Satellite Television
i3640045,Satellites
i81403,Savings Institutions
i32751,Sawmill/Woodworking Machines
i461,Sawmills/Wood Preservation
i761,Scenic/Sightseeing Services
i5010028,School Construction
i8395414,Scientific Research Services
iphxray,Screening Clinics/Services
i315,Screws/Nuts/Bolts
i415,Seafood Products
i83106,Securities/Commodity Exchange Activities
i83102,Security Brokering/Dealing
iscprint,Security Printing
issyst,Security Systems
i98207,Security Systems Services
i98206,Security/Prison Services
isecpri,Security/Privacy Software
iseed,Seeds
i8500013,Self-storage Unit Leasing
i34531,Semiconductors
i923,Services to Facilities/Buildings
i5020032,Sewer Construction
itnsv,Sharing/On-demand Economy Services
i0100124,Sheep/Goat Farming
ishell,Shell Company
i8480410,Ship Rental/Leasing
i36103,Shipbreaking
i36101,Shipbuilding
i646,Shoe Stores
i6560011,Shopping Malls/Superstores
i2112,Silver Ore Mining
i491,Silverware
isimsft,Simulation Software
isimu,Simulators
i2583,Skin Care Products
i3288,Small Arms Ammunition
i8150109,Smart Cards
i42391,Snack Foods
i2581,Soap/Cleaning Products
isocial,Social Media Platforms/Tools
i428,Soft Drinks
i330202,Software
i83941,Software Programming Tools/Languages
isolar,Solar Energy
isound,Sound/Music Recording/Publishing
isover,Sovereign Wealth Fund
isoya,Soya Products
i0100223,Soybean Farming
ispains,Space Insurance
i751,Space Transport
i3640046,Space Vehicles
ichmpc,Sparkling Wine
i503,Special Trade Contractors
iscsv,Specialized Consumer Services
idrugty,Specialized Drugs/Medications
i6412,Specialty Food Retailing
ispereit,Specialty REITs
i654,Specialty Retailing
i979112,Spectator Sports
i97911,Sporting Facilities/Venues
i6540029,Sporting Goods Stores
ispobet,Sports Betting
isptwr,Sports Clothing/Footwear
i4942,Sports Equipment
isptgds,Sports Goods
i9791121,Sports Teams/Clubs
isptech,Sports Technologies
i35103,Sports Utility Vehicles
i9835,Sports/Physical Recreation Instruction
i979111,Sports/Recreation Centers
i418,Starch
i223,Steel Cold Rolling/Forming
isteel,Steel Production
i222,Steel/Iron Products
istemcll,Stem Cell Research
i2311,Stone Mining/Quarrying
i245,Stone/Slate Products
imssoft,Streaming Services
i36105,Submarines/Submersibles
i4211,Sugar
i0100136,Sugar Cane Farming
isugar,Sugar Farming
i421,Sugar Products
isugsub,Sugar Substitutes
isun,Sun Care Products
i3302012,Supercomputers
i6411,Supermarkets/Grocery Stores
iscmsof,Supply Chain Management Software
i05,Support Activities for Agriculture
i1300005,Support Activities for Oil/Gas
isurgd,Surgical Devices
iresinv,Sustainable Investment
isynloan,Syndicated Loans
i2516,Synthetic Dyes/Pigments
i3302020,Systems Software
itablcm,Tablet Computers
i8361,Tax Preparation Services
i722,Taxi/Limousine Service
i0100142,Tea Growing
i42392,Tea Products
i837,Technical Services
itech,Technology
i7902,Telecommunication Services
i3441,Telecommunications Equipment
itelem,Telemarketing
i8395407,Telephone Call Centers
i9741102,Television Broadcasting
i9741112,Television Program Production
itemp,Temporary Employment Services
i455,Textile Furnishings
i323,Textile Machinery Manufacturing
i43,Textiles
i97412,Theaters/Entertainment Venues
itick,Ticket Agents
itttm,Tin/Tantalum/Tungsten Ore Mining
i4811,Tires
i8200306,Title Insurance
i0100145,Tobacco Farming
i429,Tobacco Products
i765,Tour Operators
itourm,Tourism
itci,Trade Credit Insurance
ichinese,Traditional Chinese Medicine
itrff,Traffic/Railroad Control Devices
i8395403,Translation/Interpretation Services
i5020042,Transmission Line Construction
itfins,Transport/Freight Insurance
itsp,Transportation/Logistics
i77001,Travel Agencies
itvlins,Travel Insurance
i84803,Truck/Trailer Rental/Leasing
i723,Trucking
i81502,Trusts/Funds/Financial Vehicles
i5020039,Tunnel Construction
i326,Turbines
i8382,TV Advertising
i8395406,Typing/Document Preparation Services
i8200303,Unemployment/Disability Insurance
i8150211,Unit Trusts/Mutual Funds
iuran,Uranium Ore Mining
i721,Urban/Commuter Transit
i6512,Used Car Dealing
i6540032,Used Merchandise Stores
iutil,Utilities
i2572,Vaccines
i0100216,Vegetable Growing
i411,Vegetable Oils
iveheng,Vehicle Engine/Engine Parts
i8200316,Vehicle Insurance
iautlsg,Vehicle Rental/Leasing
i98208,Vehicle Towing/Assistance
i6571,Vending Machine Operators
i462,Veneer/Plywood
iventure,Venture Capital
ivetd,Veterinary Drugs
i95111,Veterinary Services
ividad,Video Advertising
i97104,Video Distribution
i49411,Video Game Consoles
ivicu,Virtual Currencies/Cryptocurrencies
ivrealt,Virtual Reality Technologies
ivirtusw,Virtualization Software
ivoicr,Voice Recognition Software
i77003,Warehousing/Storage
i92111,Waste Collection
i9211,Waste Management/Recycling Services
i92114,Waste Sorting/Recycling
i92112,Waste Treatment/Disposal
iwmach,Waste Treatment/Disposal Machinery
iwteg,Waste-to-Energy Generation
i9212,Wastewater Treatment
i374,Watches/Clocks/Parts
iship,Water Transport/Shipping
i5020045,Water Treatment Plant Construction
i17,Water Utilities
iwetec,Wearable Technology
iwebhst,Web Hosting
iwedd,Wedding Services
i32851,Weighing Machinery
i010013204,Wheat Farming
i61,Wholesalers
iwind,Wind Energy
i426,Wine
i79021,Wired Telecommunications Services
iwrlssl,Wireless Area Network Technology
i79022,Wireless Telecommunications Services
i341,Wires/Cables
i46,Wood Products
iwoodcp,Wooden Containers/Packaging
i467,Wooden Furniture
i5032,Wrecking/Demolition Contractors
i8384,Film/Cinema Advertising
i97105,Film/Video Exhibition
i831,Financial Investments
ifinal,Financial Services
ifmsoft,Financial Technology
ifains,Fine Art Insurance
i329,Firearms
i03,Fishing
i5020050,Flood Defense Construction
ifloor,Floor Coverings
i0100201,Floriculture/Plant Nurseries
i6540031,Florists
i416,Flour/Malt Products
ifadd,Food Additives
i4142,Food Canning/Pickling/Drying
i414,Food Preserving/Speciality Foods
i3244,Food Product Machinery
ifood,Food Products
i641,Food Retailing
ifodwh,Food Wholesaling
i41,Food/Beverages
i451,Footwear
i02,Forestry/Logging
i312,Forging/Stamping
i1610108,Fossil Fuel Power Generation
ifrack,Fracking
ifinefp,Fragrance/Perfume
i8395419,Freelance Journalism
icargo,Freight Transport/Logistics
i77002,Freight Transportation Arrangement
i4141,Frozen Food
i0100206,Fruit Growing
ijuice,Fruit Juices
ifulads,Fuel Additives
ifuelcl,Fuel Cells
i82001,Full-line Insurance
i6611,Full-service Restaurants
iegydrk,Functional Beverages
ifunfod,Functional Foods
i98202,Funeral Services
ifurn,Furniture
i6481,Furniture/Home Furnishings Stores
i97912,Gambling Industries
igamsof,Games Software
i6540011,Garden Centers
igarden,Gardening Equipment/Tools
i162,Gas Utilities
i652,Gasoline/Service Stations
igems,Gemstone Mining
igeneri,Generic/Biosimilar Drugs
igmfd,Genetically Modified Food
igenom,Genomics
igeothe,Geothermal Energy
iglassc,Glass Containers/Packaging
i24794,Glass Fiber
i32755,Glass Working Machinery
i247,Glass/Glass Products
igoldm,Gold Ore Mining
igovspon,Government Sponsored Health Insurance
iguins,Guarantee Insurance
i3640026,Guided Missiles
ihair,Hair Care Products
ihalal,Halal Food
i443,Handbags/Purses/Briefcases
ihandaps,Handheld Electronic Devices
i3255,Handling Equipment
i5020017,Harbor Construction
i951,Health Care/Life Sciences
iphhes,Health Education/Information Services
ihmo,Health Maintenance Organizations
i8200301,Health/Medical Insurance
iphhit,Healthcare Information Technology
iphhp,Healthcare Provision
ihcreit,Healthcare REITs
iphhss,Healthcare Support Services
i3284,Heating/Cooling/Air Treatment Equipment
i502,Heavy Construction
i3510203,Heavy Duty Trucks
ihedge,Hedge Funds
i3640029,Helicopters
irdops,Highway Operation
i5020041,Highway/Street Construction
i6540030,Hobby/Toy/Game Stores
i0100119,Hog/Pig Farming
ihome,Home Electronics/Appliances
i95106,Home Health Care Services
ihimpro,Home Improvement Products
i33032,Home Networking/Smart Appliances
ihormp,Hormone Products
i01002,Horticulture
ihospice,Hospice Care
i95107,Hospital Care
i5010024,Hospital Construction
ihotel,Hotel Construction
ihotreit,Hotel/Lodging REITs
i6651,Hotels/Motels
i346,Household Appliances
i648,Household Goods/Hardware Stores
i647,Household Textiles Stores
i457,Household/Institutional/Street Furniture
ihouse,Houseware
i8395404,Human Resources Consulting
i04,Hunting/Trapping
i1610107,Hydropower Energy
ihygn,Hygiene Products
i4132,Ice Cream/Frozen Desserts
iincub,Incubators/Business Development Services
i8150216,Individual Savings Accounts (ISAs)
i5010025,Industrial Building Construction
indcera,Industrial Ceramics
i3435,Industrial Electrical Equipment
iindele,Industrial Electronics
i2567,Industrial Gas
iindstrls,Industrial Goods
indleas,Industrial Machinery/Equipment Rental/Leasing
i3204,Industrial Plant/Steelwork
i8500005,Industrial Real Estate
i3281,Industrial/Marine Engines
iindreit,Industrial/Office REITs
i72603,Inland Water Transport
iimess,Instant Messaging Software
i82,Insurance
i832,Insurance Brokering
iibnk,Integrated Banks
iintcir,Integrated Circuits
i79026,Integrated Communications Providers
iioil,Integrated Oil/Gas
iintela,Intelligent Agents
i974110205,Interactive Television
i83722,Interior Design Services
ibrows,Internet Browsers
iiptv,Internet Protocol Television
iiradio,Internet Radio
i8395464,Internet Search Engines
iinttel,Internet Telephony
iicafe,Internet/Cyber Cafes
iioft,Internet-of-Things Technologies
iinvest,Investigation Services
iinv,Investing/Securities
i83108,Investment Advice
i83101,Investment Banking
iirese,Investment Research Services
iirrig,Irrigation Systems
iislam,Islamic Banking
islins,Islamic Insurance
iitcns,IT Consulting
ifinej,Jewelry
i6540028,Jewelry Stores
i4531,Knitted Clothing
iknowms,Knowledge Management Software
i33031,LAN/WAN Hardware
i5010021,Land Development/Subdivision
i5020047,Land Reclamation
ilandsc,Landscaping/Gardening Services
i9836,Language Schools/Tuition
i3248,Laundry/Dry Cleaning Machines
i2113,Lead Ore/Zinc Ore Mining
i441,Leather/Fur Goods
i32753,Leatherworking Machinery
iled,LED Technologies
i835,Legal Services
i5010031,Leisure Facility Construction
ilea,Leisure/Arts/Hospitality
ilgood,Leisure/Travel Goods
i8395462,Libraries/Archives
i82002,Life Insurance
i84802,Light Commercial Vehicle Rental/Leasing
i3510201,Light Trucks
i249,Lime/Gypsum Products
i23111,Limestone Mining/Quarrying
i6612,Limited-Service Restaurants/Cafes
i1300004,Liquefied/Compressed Gas
ilsfarm,Livestock Farming
i665,Lodgings
i66,Lodgings/Restaurants/Bars
ilongtc,Long-term Care Insurance
ilowair,Low Cost Airlines
i442,Luggage
i6540026,Luggage/Leather Goods Stores
iluxgds,Luxury Goods
iluxlg,Luxury Leather Goods
iluxwa,Luxury Watches
i32,Machinery
i673,Machinery Repair/Maintenance
imacws,Machinery/Industrial Goods Wholesale
i4752,Magazine Publishing
icosm,Make-up Products
imnacc,Managed Accounts
i83951,Management Consulting
imarij,Marijuana Growing/Cultivation
immari,Marijuana Products
imretail,Marijuana Retailing
imarfr,Marine Freight
i8200314,Marine Insurance
imarpas,Marine Passenger Transport
i74,Marine Transport
i8395201,Market Research/Opinion Polling
i83952,Market Research/Public Relations
imark,Marketing
i8395401,Marketing Consulting
imkit,Meal Kit/Food Box Retailing
i371,Measuring/Precision Instruments
i4122,Meat Processing
imeatsub,Meat Substitutes
i8395402,Media Buying
idistr,Media Content Distribution
imed,Media/Entertainment
imedaid,Medicaid
iphmed,Medical Devices/Apparatus
idiagn,Medical Diagnostic Equipment/Supplies
i372,Medical Equipment/Supplies
i95105,Medical Laboratory Services
imedres,Medical Research Services
iphlab,Medical/Clinical/Diagnostic Services
iphmm,Medical/Surgical Materials
imedicar,Medicare
imental,Mental Health Care
imetcp,Metal Containers/Packaging
i314,Metal Doors/Windows
i212,Metal Mining Support Activities
i211,Metal Ore Mining
i31,Metal Products
i322,Metalworking Machinery
imicro,Microfinance
imicpr,Microprocessors/DSPs
i3640047,Military Aircraft
i365,Military Armored Vehicles/Parts
i232,Mineral Mining Support Activities
immach,Mining Machinery
imet,Mining/Quarrying
i656,Mixed Retailing
imobsoft,Mobile Applications Software
i34411,Mobile Communications Devices
impay,Mobile Payment Systems
i7902202,Mobile Telecommunications
imtcurr,Money Transfer/Currency Exchange Services
imoins,Mortgage Insurance
imorreit,Mortgage REITs
i8150103,Mortgages/Real Estate Credit
i651,Motor Vehicle Dealing
i353,Motor Vehicle Parts
i351,Motor Vehicles
i36301,Motorcycles
imove,Moving/Relocation Services
i8395465,Multimedia Services
imulti,Multiutilities
i974123,Museums/Historical Sites/Gardens
isopub,Music/Sound Publishing
i97106,Music/Sound Recording
i492,Musical Instruments
i1300013,Natural Gas Exploration
i1300014,Natural Gas Extraction
intgpc,Natural Gas Processing
iexplo,Natural Gas/Oil Exploration
iextra,Natural Gas/Oil Extraction
i36104,Naval Ships
inetwt,Network Monitoring/Testing Tools
i3303,Networking
i6511,New Car Dealing
i6422,News Dealers/Newsstands
i8395461,News Syndicates
i4751,Newspaper Publishing
inewpr,Newspaper/Magazine Printing
inonal,Non-alcoholic Beverages/Drinks
i010020603,Non-citrus Fruit/Tree Nut Farming
inondhg,Nondurable Household Products
i226,Non-ferrous Metal Foundries
infmore,Non-ferrous Metal Ore Mining
i224,Non-ferrous Metals
i4131,Non-frozen Dairy Products
i82003,Non-life Insurance
i231,Non-metallic Mineral Mining/Quarrying
i5010023,Non-residential Building Construction
i657,Non-store Retailing
i15,Nuclear Fuel
i1610109,Nuclear Power Generation
i843,Office Equipment Rental
ioffeq,Office Equipment/Supplies
i458,Office Furniture
i8500021,Office Real Estate
i4954,Office Supplies (excluding paper)
i6532,Office Supplies/Gift Stores
i1300002,Oil Exploration
i5020022,Oil Production Platform Construction
iuod,Oil Sands/Shale
i3251,Oil/Gas Field Machinery
imidstr,Oil/Natural Gas Midstream Operations
i0100132,Oilseed/Grain Farming
ionlauc,Online Auctions
i83105,Online Brokers/After Hours Trading
ionlgam,Online Gambling
iint,Online Service Providers
i7505,Online Tourism Reservation Services
i81404,Online/Direct Banking
i6540005,Optical Goods Stores/Opticians
i373,Optical Instruments
i2582,Oral Care Products
iofarm,Organic Farming
iorgf,Organic Food
iphpro,Orthopedic/Prosthetic Implants/Devices
ioutad,Outdoor Advertising
i95104,Outpatient Care
i2578,Over-the-counter Drugs
ipap,Packaging
i8395412,Packaging/Labeling Services
i2551,Paints/Coatings
i4721,Paper Bags/Treated Paper
i32754,Paper Industry Machinery Manufacturing
i471,Paper Mills
i4722,Paper Stationery Products
ipper,Paper/Pulp
i473,Paperboard Mills
i5020008,Parking Lot Construction
i98204,Parking Lots/Garages
i7501,Passenger Airlines
i84801,Passenger Car Rental/Leasing
i35101,Passenger Cars
i3444,Passive Components
ipayd,Payday Loans
i974110204,Pay-per-view Television
i8362,Payroll Services
iptpl,Peer-to-peer Lending Services
ipension,Pension Funds
i974121,Performing Arts Companies
i98209,Performing Arts/Sports Promotion
iprscp,Personal Care Accessories
iprsca,Personal Care Appliances
ipcare,Personal Care Products/Appliances
i3454,Personal Electronics
i2568,Pesticides
i98203,Pet Care (except Veterinary)
i4222,Pet Food
ipetin,Pet Insurance
ipet,Pet Products
i6540033,Pet/Pet Supply Stores
i25121,Petrochemicals
i3dprn,3D/4D Printing
i246,Abrasive Products
i4752105,Academic/Scientific/Trade Journals
i836,Accounting
iacc,Accounting/Consulting
i2562,Adhesives
iadmin,Administrative/Support Services
i838,Advertising
iadv,Advertising/Marketing/Public Relations
i364,Aerospace Products/Parts
iaer,Aerospace/Defense
i98211,Agents/Managers for Public Figures
i841,Agricultural Equipment Rental/Leasing
i321,Agricultural Machinery
iagrws,Agricultural Raw Material Wholesale
i0,Agriculture
iagins,Agriculture Insurance
iagtech,Agriculture Technology
iagro,Agrochemicals
i7502,Air Freight
i7641,Air Traffic Control
iairtr,Air Transport
i3443,Air/Nautical Navigational Instruments
i3640007,Aircraft Cabin Equipment
i7643,Aircraft Cleaning/Fuelling
iairelc,Aircraft Electronics
i3640002,Aircraft Engines/Parts
i7644,Aircraft Maintenance Services
i3640048,Aircraft Modification
i8480401,Aircraft Rental/Leasing
i75,Airlines
i5020002,Airport Construction
i764,Airports
i3433,Alarms/Signaling Equipment
ialco,Alcoholic Beverages/Drinks
ialpop,Alcopops/Malternatives
ialgo,Algorithmic/Quantitative Trading
i35104,Alternative Fuel Vehicles
ialtful,Alternative Fuels
ialtmed,Alternative Health Practitioners
ialtinv,Alternative Investments
i2245,Aluminum
ialomin,Aluminum Ore Mining
iammu,Ammunition
i3289,Ammunition (except Small Arms)
i974122,Amusement Parks/Arcades
i25782,Analgesics
ianlog,Analog Integrated Circuits
i4221,Animal Feed
i412,Animal Slaughtering/Processing
iannui,Annuities
i2571,Antibiotics
i2577,Anti-depressants
iphvir,Antivirals
i3302021,Applications Software
i03001,Aquaculture
i8371,Architects
i6540034,Art Dealing
i3302022,Artificial Intelligence Technologies
i26,Artificial/Synthetic Fibers
i98212,Artists/Writers/Performers
i244,Asbestos Products
i14002,Asphalt/Tar Products
iabls,Asset Based Lending Services
iahou,Auction Houses
i34542,Audio/Video Equipment
ividbd,Audio/Video/Graphics Integrated Circuits
i971,Audiovisual Production
i3247,Automatic Vending Machines
i9837,Automobile Driving Schools
i3434,Automobile Electronics
iautws,Automobile/Automobile Part Wholesale
iaut,Automotive
i6492,Automotive Parts/Tire Stores
i671,Automotive Repair/Maintenance
iautnv,Automotive Telematics
iadrive,Autonomous Driving Technologies
i8200315,Aviation Insurance
iebus,B2B e-commerce
ibabyf,Baby Food
i814,Banking
ibnk,Banking/Credit
i662,Bars/Public Houses
i2511,Basic Inorganic Chemicals
ibasicm,Basic Materials/Resources
i2512,Basic Organic Chemicals
i3432,Batteries
i98201,Beauty/Personal Care
i6653,Bed and Breakfast Inns
i010010501,Beef Cattle Farming
ibees,Beekeeping/Honey Production
i6421,Beer/Wine/Liquor Stores
ibevrge,Beverages/Drinks
i36302,Bicycles/Bicycle Parts
ibill,Billing Services
ibioful,Biofuels
ibioinf,Bioinformatics
ibiother,Biological Therapy
ibmass,Biomass Heat/Electricity Generation
iphmetrix,Biometrics Technology
ibioph,Biopharmaceuticals
i2569,Biotechnology
iblock,Blockchain Technology
i6491,Boat Dealing
ibody,Body Care Products
i3205,Boilers/Tanks/Vessels
i47563,Book Printing
i4753,Book Publishing
i6531,Book Stores
i653,Book/Office Supplies Stores
iherbs,Botanical/Homeopathic Drugs
ihtwoo,Bottled Water
i419,Bread/Bakery Products
i4223,Breakfast Cereals
i427,Brewing
i5020006,Bridge Construction
ibrdbi,Broadband Equipment
i97411,Broadcasting
i504,Building Completion
i501,Building Construction
ibuildpr,Building Materials/Products
i5010029,Building Refurbishment
i8200304,Buildings/Contents Insurance
i72102,Bus/Coach Services
i3510204,Buses/Coaches
icnsl,Business Consultancy
ibusdev,Business Development Companies/Venture Capital Trusts
ibisw,Business Intelligence Software
i9831,Business Schools
i8395408,Business Service Centers
ibcs,Business/Consumer Services
i9741109,Cable Broadcasting
icadcam,CAD/CAM Software
i6654,Campgrounds/RV Parks
i5020051,Canal/Waterway Construction
i2573,Cancer Drugs
icarbon,Carbon Capture/Storage
i2576,Cardiovascular Drugs
i6652,Casino Hotels
icatins,Catastrophe Insurance
i6613,Caterers/Mobile Food Services
i0100105,Cattle Farming
icellph,Cell/Mobile/Smart Phones
i242,Cement/Ready-mix Concrete
i81401,Central Banking
ichalbk,Challenger Banks
i7504,Chartered Air Freight
i7503,Chartered Passenger Airlines
i3245,Chemical Industry Machinery
ichmws,Chemical Product Wholesale
i25,Chemicals
i95109,Child Day Care Services
ichip,Chipsets
i642,Cigarette/Newspaper/Liquor Stores
i4291,Cigarettes
i97103,Cinema Film Distribution
i97101,Cinema Film Production
icircb,Circuit Boards
i010020602,Citrus Groves
i3640010,Civil Aircraft
i2412,Clay Building Materials
i9232,Cleaning Services
i816,Clearing House/Reserve Activities
iclone,Cloning
i8150206,Closed-end Funds/Investment Trusts
i453,Clothing
i4533,Clothing Accessories
i645,Clothing Stores
icltws,Clothing/Textile Wholesale
iclt,Clothing/Textiles
iappsp,Cloud Computing
i111,Coal Mining
i112,Coal Mining Support Activities
i316,Coating/Engraving/Heat Treating
i0100144,Cocoa Growing
i0100137,Coffee Growing
icoffee,Coffee Products
i12,Coke Products
i25781,Cold Cures
icoldebt,Collateralized Debt Obligation
i81402,Commercial Banking
icmprint,Commercial Printing
i974110202,Commercial Television
i3510202,Commercial Vans
i35102,Commercial Vehicles
icireal,Commercial/Industrial Real Estate
i83104,Commodity Contracts Brokering
i83103,Commodity Contracts Dealing
icmsw,Communications Software
i3283,Compressors/Hydraulic Equipment
i83943,Computer Facilities Management
icph,Computer Hardware
i8394007,Computer Maintenance/Support
idisply,Computer Monitors/Displays
icper,Computer Peripherals
i3302013,Computer Printers/Scanners
icmpse,Computer Servers
i8394,Computer Services
i3302019,Computer Storage Devices
icompst,Computer Stores
i83942,Computer Systems Design Services
i9834,Computer/Computer-aided Training
i3302,Computers/Consumer Electronics
icmpws,Computers/Electronic Equipment Wholesale
icomp,Computing
i243,Concrete Building Products
i4229,Condiments/Sauces
iconf,Confectionery
iconst,Construction
i842,Construction Equipment Rental/Leasing
i3254,Construction Machinery
ielec,Consumer Electronics
icnp,Consumer Goods
i846,Consumer Goods/Appliances Rental
i8150105,Consumer Lending
icntls,Contact Lenses
iconvs,Convenience Stores
i8395411,Conventions/Trade Shows
i472,Converted Paper Products
i4224,Cookies/Crackers
i2114,Copper Ore/Nickel Ore Mining
i2246,Copper/Copper Alloys
i010013205,Corn Farming
iclins,Corporate Liability Insurance
i644,Cosmetics/Perfume Stores
i258,Cosmetics/Toiletries
i0100138,Cotton/Silk Farming
i78,Couriers/Messengers
i8150108,Credit Cards
i81501,Credit Types/Services
i8150102,Credit Unions
i13,Crude Oil/Natural Gas Upstream Operations
i1300003,Crude Petroleum Extraction
icrmsw,Customer Relationship Management Software
i4532,Cut/Sew Clothing
i313,Cutlery/Hand Tools
i010010502,Dairy Cattle Farming
i413,Dairy Products
i5020011,Dam Construction
idmisoft,Data Mining/Analysis Software
i8395466,Data Processing Services
idsrs,Data Recovery Services
idware,Data Warehousing
i4754,Database/Directory Publishing
idating,Dating Services
i8150107,Debit Cards
idebtr,Debt Recovery/Collection Services
i6483,Decorating/DIY/Hardware Stores
idef,Defense Equipment/Products
i95102,Dental Care
identim,Dental Equipment/Implants
i6560002,Department Stores
i2574,Dermatological Treatments
idesal,Desalination
i8372,Design Services
idescl,Designer Clothing
i3302003,Desktop Computers
i8150106,Development Banking
iinsulin,Diabetes Drugs
itheradv,Diagnostic/Therapeutic Devices
i25784,Diet/Nutritional Drugs
idigicam,Digital Cameras
idct,Digital Cellular Technology
i8395463,Digital Content Services
i8385,Digital Marketing
i47562,Digital Printing
idradio,Digital Radio
i974110203,Digital Television
idirma,Direct Marketing
idollar,Discount/Dollar Stores
i424,Distilling
idishea,District Heating/Cooling
i8396,Diversified Holding Companies
idivreit,Diversified REITs
i95101,Doctors/Physicians
i4941,Dolls/Toys/Games
iphdon,Donor Clinics/Services
i14,Downstream Operations
iuav,Drones
iddtech,Drug Delivery Systems
iddkits,Drug Discovery Kits
iphddd,Drug Discovery/Development
i981,Dry Cleaning/Laundry Services
i010013203,Dry Pea/Bean Farming
i3640030,Dual Mode Vehicles
idurhg,Durable Household Products
iebook,e-Book Publishing
iebkre,e-Book Readers/Devices
iecom,E-commerce
iedco,Edge Computing
i010013202,Edible Oil Plant/Seed Farming (except Soybean)
i983,Educational Services
ielear,E-learning/Educational Technology
i16102,Electric Bulk Power Transmission
i347,Electric Lighting Equipment
i16103,Electric Power Distribution
i16101,Electric Power Generation
ieutil,Electric Utilities
i342,Electrical Components/Equipment
i5031,Electrical Contractors
i16,Electricity/Gas Utilities
ievd,Electronic Cigarettes
ielcfsv,Electronic Conferencing Services
i34532,Electronic Consumer Goods Accessories
ietrack,Electronic Navigation/Tracking Systems
i3301,Electronic Office Equipment
iplastic,Electronic Payment Systems
i6482,Electronics/Appliance Stores
iemail,E-mail
iemer,Emergency Treatment/Care
i1,Energy
iengwh,Energy Wholesale
iengine,Engineering Services
iecmsw,Enterprise Content Management Software
ientrps,Enterprise Resource Planning Software
iewm,Environment/Waste Management
i8395413,Environmental Consulting Services
i3442,Environmental Control Systems
i656000301,Etailing
iextrfu,Exchange Traded Funds
i2565,Explosives
i8150110,Export-import Financing
i9231,Exterminating/Pest Control Services
ispecs,Eyeglasses/Spectacles
ieye,Eyewear/Ocular Implants
i432,Fabric Mills
iface,Facial Care Products
iflaw,Family Law Services
i01001,Farming
i225,Ferrous Metal Foundries
i2111,Ferrous Metal Ore Mining
i221,Ferrous Metals
i2513,Fertilizer
i3411,Fiber Optic Cable
ifbropt,Fiber Optic Equipment
i431,Fiber/Yarn/Thread
